{"r_squared": 0.16893907151316567, "rmse": 6291.897866300601}